{"cameraMode":{"drawMode":0,"name":"Shaded","section":"Shading Mode"},"sceneLighting":false,"audioPlay":false,"sceneViewState":{"showFog":true,"showMaterialUpdate":false,"showSkybox":true,"showFlares":true,"showImageEffects":true,"showParticleSystems":true},"in2DMode":false,"pivot":{"x":-0.8134520053863525,"y":21.306684494018556,"z":-23.402145385742189},"rotation":{"x":-0.22086746990680695,"y":0.18306905031204225,"z":-0.042249392718076709,"w":-0.9570361971855164},"size":2.8856427669525148,"orthographic":false}